pipeline,k,n,em,em_lo,em_hi,em_correct,f1,f1_lo,f1_hi,rouge_l,rouge_l_lo,rouge_l_hi,bertscore_f1,bertscore_f1_lo,bertscore_f1_hi,semantic_similarity,semantic_similarity_lo,semantic_similarity_hi,groundedness,groundedness_lo,groundedness_hi,hallucination_rate,hallucination_rate_lo,hallucination_rate_hi
bm25,1,136,0.0,0.0,0.0,0,0.11786612264007547,0.09978615640943257,0.13629118858952424,0.11373682978413079,0.09904570098397118,0.12791613074587635,0.8528437978204559,0.8486561392050456,0.8569417251931394,0.3205163482823135,0.2675049984005883,0.37408419078017363,0.4539492084890941,0.41262890025309845,0.49552953209130857,0.5460507915109059,0.5044704679086913,0.5873710997469016
bm25,3,136,0.0,0.0,0.0,0,0.11852778517334209,0.10299000949730591,0.13510545837800741,0.1185904045877692,0.1057947219055332,0.13058631876940316,0.8536334160496207,0.8498915879055858,0.8576045521151494,0.355041602955145,0.30792923945152917,0.4048653263033724,0.525513514779147,0.4901165070311101,0.5636382164587034,0.47448648522085296,0.43636178354129673,0.50988349296889
bm25,5,136,0.0,0.0,0.0,0,0.11523273547875658,0.09894369440856673,0.13082617546409714,0.11299108605080263,0.10029213504684405,0.12610608408405688,0.8530517124077853,0.8494006814544692,0.8569954344126232,0.33031531810924847,0.2832013815374333,0.37878305337645163,0.563340066259498,0.5290684210415257,0.595906420841646,0.4366599337405021,0.4040935791583539,0.4709315789584742
bm25,10,136,0.0,0.0,0.0,0,0.12757765307340954,0.11081917170044758,0.14415174793374355,0.11918320402139981,0.10566120395211331,0.1334201612313491,0.8548800191458534,0.8512782594298616,0.8588912779794019,0.3557472493883003,0.3064890135469956,0.40707270436276516,0.608417931783962,0.5762448065816602,0.6412173544859943,0.3915820682160381,0.3587826455140057,0.4237551934183397
dense,1,136,0.0,0.0,0.0,0,0.11418797144278874,0.09702251610184004,0.13084102520684635,0.1112197513313829,0.0977037120744329,0.12467873902152747,0.8525351864450118,0.8487863613730845,0.8565806119757541,0.32863125485806344,0.2776597927112187,0.38139298227444457,0.4134269140316163,0.3745431758069914,0.45276025290828187,0.5865730859683838,0.5472397470917181,0.6254568241930086
dense,3,136,0.0,0.0,0.0,0,0.12380267354377136,0.10678221948221361,0.13916026743606852,0.11934945378274531,0.10584408108815818,0.1313354969918435,0.8537094422123012,0.850207868086941,0.8574675280710354,0.35458171393667515,0.3035264297412462,0.4016772741883281,0.48723097324110787,0.459538331962452,0.5152584137560705,0.512769026758892,0.4847415862439296,0.540461668037548
dense,5,136,0.0,0.0,0.0,0,0.12547629112900538,0.10898257263825635,0.14166872885527287,0.12006845236835,0.10657829223791282,0.13281421738867258,0.8544455324025715,0.8507538672317476,0.8584146481993444,0.3475122654618805,0.2978630509299418,0.3984456837119069,0.5669524832779275,0.5303951570553598,0.605325439407847,0.4330475167220726,0.39467456059215306,0.4696048429446402
dense,10,136,0.0,0.0,0.0,0,0.12544991991481494,0.10852348238574294,0.1428312493686284,0.11706480250900213,0.10463224081948339,0.12956199766458718,0.8543803849641014,0.8507734971559223,0.8579456811989932,0.35214635147713125,0.30361656952813704,0.3989941432657788,0.6337061942904688,0.6008745653225883,0.6675250211224426,0.36629380570953124,0.33247497887755745,0.3991254346774116
sentwin,1,136,0.0,0.0,0.0,0,0.11097842303685454,0.09549599589545406,0.12667536390115133,0.11030653872300475,0.09687410474763265,0.12428637525965328,0.852707078351694,0.8489542844321798,0.8568817953853046,0.306149922653704,0.25536773521658584,0.3559062533511999,0.41682939419436577,0.3798198433314096,0.45267192128173983,0.5831706058056343,0.5473280787182602,0.6201801566685904
sentwin,3,136,0.0,0.0,0.0,0,0.12459814678615941,0.1082274964851981,0.13987093517202656,0.12012987433732294,0.1073817384898188,0.13236130188010195,0.8544582264388308,0.8507581012652201,0.8585453276905943,0.360918046125923,0.31371646965648436,0.40907790741082006,0.4978129998075474,0.4648338035618809,0.5304214373151332,0.5021870001924525,0.46957856268486675,0.535166196438119
sentwin,5,136,0.0,0.0,0.0,0,0.1231162297946684,0.10615746886566187,0.1391130228196287,0.11904544630025474,0.10569187277085842,0.13209781986592498,0.8544487203745281,0.8504179161918514,0.8584565936752102,0.3539371431859977,0.30250353837344685,0.4053004190236713,0.5530596752608034,0.5211971458444611,0.5834489498823218,0.4469403247391967,0.4165510501176783,0.47880285415553886
sentwin,10,136,0.0,0.0,0.0,0,0.1274271148374406,0.10926480208619972,0.14502492396932473,0.1203307516800713,0.10671645090046172,0.1348456422684507,0.8549732096931514,0.8513022064505255,0.8590674459167263,0.35540698087938566,0.30604456606807245,0.4064080981020679,0.6141353218288824,0.577185695752671,0.6507105190913369,0.3858646781711176,0.34928948090866313,0.42281430424732896
hybrid,1,136,0.0,0.0,0.0,0,0.11811129846316859,0.10137504907013897,0.13493325917750784,0.11539271983309153,0.10117843636442447,0.12841121567778993,0.8531022431219325,0.8491695344448089,0.8570440454846796,0.3274395430104478,0.27854608916163937,0.37689595409696375,0.44606416108277896,0.40700978688441447,0.4859049676361912,0.553935838917221,0.5140950323638088,0.5929902131155855
hybrid,3,136,0.0,0.0,0.0,0,0.12345023221368875,0.10504078739624631,0.14038457821088604,0.11665368007244103,0.1032810951061112,0.12946839901177754,0.8532945149961639,0.8494836607838379,0.8571312329348395,0.340633616070537,0.29271669378367193,0.3879626662494368,0.49901968753309156,0.4659348877198122,0.533189184886074,0.5009803124669084,0.4668108151139259,0.5340651122801877
hybrid,5,136,0.0,0.0,0.0,0,0.12626682905398812,0.10823835974072193,0.14293511833188616,0.12060879740441942,0.10647044613626322,0.13409519802394496,0.8547228815801003,0.8508398755289175,0.8589798044194193,0.35530776589396684,0.30532205766135384,0.40606698056559676,0.5856391891113403,0.5505744131170773,0.6208540282227383,0.4143608108886598,0.3791459717772618,0.44942558688292267
hybrid,10,136,0.0,0.0,0.0,0,0.1307024316252835,0.11293231369200123,0.14810288267098015,0.12132886807820506,0.10716659221943473,0.13508200833307754,0.8555235880262712,0.8517425189452137,0.8596965492429102,0.36646085668026523,0.3151539431217209,0.4184317158384468,0.628349865663323,0.592229630919597,0.6584219650107306,0.371650134336677,0.3415780349892694,0.40777036908040293
pc,1,136,0.0,0.0,0.0,0,0.11477822469674898,0.09791212418314132,0.13126838044980382,0.11137628997990015,0.09798763519598941,0.12517714970087,0.8526302510324646,0.8488885577220251,0.8567261581035222,0.33007283658063147,0.27997917455436167,0.3825630031628808,0.4100094263468872,0.3704050483505755,0.4494348157850994,0.5899905736531128,0.5505651842149006,0.6295949516494246
pc,3,136,0.0,0.0,0.0,0,0.12255022644433705,0.10534719089058997,0.13770816786294587,0.11842848659213215,0.1053597426870035,0.1303696202518695,0.8533687600318123,0.8499526237849804,0.8570348066332586,0.3490778943934642,0.29724019796053386,0.39649481487029015,0.4886830541790081,0.4577818538844162,0.5170507576510672,0.511316945820992,0.4829492423489327,0.5422181461155838
pc,5,136,0.0,0.0,0.0,0,0.1227774968495692,0.10610775576333671,0.13894006656650035,0.12044738012647456,0.10677970633046009,0.133775539054462,0.8543788979158682,0.85070322083638,0.8582638592075775,0.34850167076322525,0.29920487180317973,0.3984953136029242,0.5771303962879681,0.539869839997324,0.6138696232204488,0.42286960371203186,0.3861303767795512,0.4601301600026761
pc,10,136,0.0,0.0,0.0,0,0.12596978622541494,0.10941466406442438,0.14343232768057512,0.1184780608365427,0.10609848881501809,0.13148282707782463,0.8546087299199665,0.8509678120012669,0.8583124400061719,0.355798928601229,0.3076796235989177,0.4041284591842936,0.6360852181471193,0.602584107862817,0.6710776826828101,0.36391478185288084,0.3289223173171898,0.3974158921371829
